Channel,Country,Stream
917xfm,Germany,http://www.listenlive.eu/917xfm.m3u
Absolut Radio,Germany,http://stream.absolutradio.de/hq/mp3/listenlive.m3u
Absolut relax,Germany,http://stream.absolutradio.de/relax/mp3-128/listenlive.m3u
Absolut Hot,Germany,http://stream.absolutradio.de/hot/mp3-128/listenlive.m3u
alsterradio,Germany,http://live96.106acht.de/listen.pls
Antenne AC,Germany,http://antenne-ac-mp3.skydisc.net:9000/listen.pls
Antenne Bad Kreuznach,Germany,http://www.listenlive.eu/antenne-kh-mp3.m3u
Antenne Bayern,Germany,http://www.antenne.de/webradio/antenne.m3u
Antenne Bayern Top 40,Germany,http://www.antenne.de/webradio/channels/top-40.m3u
Antenne Bayern Schlagersahne,Germany,http://www.antenne.de/webradio/channels/das-schlager-karussell.m3u
Antenne Bayern Oldies but Goldies,Germany,http://www.antenne.de/webradio/channels/oldies-but-goldies.m3u
Antenne Bayern Hits für Kids,Germany,http://www.antenne.de/webradio/channels/hits-fuer-kids.m3u
Antenne Bayern Chillout,Germany,http://www.antenne.de/webradio/channels/chillout.m3u
Antenne Bayern Lovesongs,Germany,http://www.antenne.de/webradio/channels/lovesongs.m3u
Antenne Bayern 80er Kulthits,Germany,http://www.antenne.de/webradio/channels/80er-kulthits.m3u
Antenne Bayern Black Beatz,Germany,http://www.antenne.de/webradio/channels/black-beatz.m3u
Antenne Bayern Classic Rock Live,Germany,http://www.antenne.de/webradio/channels/classic-rock-live.m3u
Antenne Düsseldorf,Germany,http://edge.live.mp3.mdn.newmedia.nacamar.net/ps-antennedus/livestream.mp3.m3u
Antenne Frankfurt,Germany,http://www.listenlive.eu/antenne-frankfurt-mp3.m3u
Antenne Idar-Oberstein,Germany,http://www.listenlive.eu/antenne-io-mp3.m3u
Antenne Kaiserslautern,Germany,http://www.listenlive.eu/antenne-kl-aac.m3u
Antenne Koblenz,Germany,http://www.listenlive.eu/antenne-koblenz-mp3.m3u
Antenne Landau,Germany,http://www.listenlive.eu/antenne-landau-aac.m3u
Antenne Mainz,Germany,http://rs1.radiostreamer.com:8020/listen.pls
Antenne Münster,Germany,http://stream.antennemuenster.de:8000/am128k.m3u
Antenne MV,Germany,http://streams.antennemv.de/antennemv-live/mp3-128/listenlive/play.m3u
Antenne Neunkirchen,Germany,http://www.listenlive.eu/antenne-neunkirchen-mp3.m3u
Antenne Niederrhein,Germany,http://edge.live.mp3.mdn.newmedia.nacamar.net/ps-antennenr/livestream.mp3.m3u
Antenne Niedersachsen,Germany,http://stream.antenne.com/antenne-nds/mp3-64/listenlive/play.m3u
Antenne Niedersachsen 80er,Germany,http://stream.antenne.com/antenne-nds-80er/mp3-64/listenlive/play.m3u
Antenne Niedersachsen 90er,Germany,http://stream.antenne.com/antenne-nds-90er/mp3-64/listenlive/play.m3u
Antenne Niedersachsen Rock,Germany,http://stream.antenne.com/rock/mp3-64/listenlive/play.m3u
Antenne Niedersachsen Oldies,Germany,http://stream.antenne.com/oldies/mp3-64/listenlive/play.m3u
Antenne Niedersachsen Charts,Germany,http://stream.antenne.com/charts/mp3-64/listenlive/play.m3u
Antenne Pfalz,Germany,http://www.listenlive.eu/antenne-pfalz-aac.m3u
Antenne Pirmasens,Germany,http://www.listenlive.eu/antenne-pirmasens-mp3.m3u
Antenne Sylt,Germany,http://antenne-sylt.de/as-48.pls
Antenne Thüringen,Germany,http://www.listenlive.eu/thueringen.m3u
Antenne Unna,Germany,http://dd11422.kasserver.com:8010/listen.pls
Antenne Zweibrücken,Germany,http://www.listenlive.eu/antenne-zweibruecken-mp3.m3u
Apollo Radio,Germany,http://stream.apolloradio.de/APOLLO/mp3.pls
14482 Babelsberg Hitradio,Germany,http://babelsberg-hitradio.de/listen.pls
baden.fm,Germany,http://badenfm.ip-streaming.net:8006/badenfm.m3u
Bayern 1,Germany,http://streams.br-online.de/bayern1_1.m3u
Bayern 2,Germany,http://streams.br-online.de/bayern2_1.m3u
Bayern 3,Germany,http://streams.br-online.de/bayern3_1.m3u
BR-Klassik,Germany,http://streams.br-online.de/br-klassik_1.m3u
B5 Aktuell,Germany,http://streams.br-online.de/b5aktuell_1.m3u
B5 Plus,Germany,http://streams.br-online.de/b5plus_1.m3u
BR Heimat,Germany,http://streams.br.de/brheimat_1.m3u
BR Puls,Germany,http://streams.br-online.de/jugend-radio_1.m3u
Bayern Plus,Germany,http://streams.br-online.de/bayernplus_1.m3u
Bayernwelle Süd Ost,Germany,http://icebwso2.srv.co.at:8000/bwbgl_hi.m3u
Bayernwelle Süd Ost,Germany,http://icebwso2.srv.co.at:8000/bwchg_uplink.m3u
BB Radio,Germany,http://streams.ir-media-tec.com/bbradio.mp3.m3u
Berliner Rundfunk,Germany,http://www.listenlive.eu/berliner.m3u
bermuda.funk,Germany,http://streaming.fueralle.org:8000/bermudafunk.ogg.m3u
Big FM,Germany,http://srv04.bigstreams.de/bigfm-mp3-64.m3u
Bremen Eins,Germany,http://dl-ondemand.radiobremen.de/bremeneins.m3u
Bremen Vier,Germany,http://dl-ondemand.radiobremen.de/bremenvier.m3u
BurnFM,Germany,http://www.burn-fm.de/live_mp3.m3u
Byte FM,Germany,http://www.byte.fm/stream/bytefm.m3u
CampusFM  ,Germany,http://132.252.179.253:8000/listen.pls
Charivari 98.6,Germany,http://webradio.charivari986.de:8000/listen.pls
Charivari 95.5,Germany,http://www.charivari.de/stream1.pls
Charivari Partyhitmix,Germany,http://rs5.stream24.net:8000/stream.m3u
Charivari 102.4,Germany,http://edge.live.mp3.mdn.newmedia.nacamar.net/ps-charivariwb/livestream.mp3.m3u
Charivari Regensburg,Germany,http://edge.live.mp3.mdn.newmedia.nacamar.net/ps-chari/livestream.mp3.m3u
CityRadio Trier,Germany,http://www.listenlive.eu/cityradiotrier.m3u
Classical 102,Germany,http://tuner.classical102.com/listen.pls
Classic Rock Radio,Germany,http://edge.live.mp3.mdn.newmedia.nacamar.net/radiosalueclassicrock/livestream96s.mp3.m3u
coloRadio,Germany,http://hub.fueralle.org/coloradio160mp3.m3u
Coolradio 1,Germany,http://www.coolradio.de/streams/coolradio1-128.m3u
Coolradio Jazz,Germany,http://www.coolradio.de/streams/cooljazz-128.m3u
Country 108,Germany,http://www.country108.com/listen.pls
CT das radio,Germany,http://live.radioct.de:8008/listen.pls
DasDing,Germany,http://mp3-live.dasding.de/dasding_s.m3u
DasDing Lautstark,Germany,http://mp3-live.dasding.de/dasdingraka01_s.m3u
DasDing Plattenleger,Germany,http://mp3-live.dasding.de/dasdingraka03_s.m3u
DasDing Sprechstunde,Germany,http://mp3-live.dasding.de/dasdingraka02_s.m3u
Defjay Radio,Germany,http://www.defjay.de/listen.pls
delta radio,Germany,http://streams.deltaradio.de/delta-live/mp3-128/listenlive/play.m3u
delta radio ALTERNATIVE,Germany,http://streams.deltaradio.de/delta-alternative/mp3-128/listenlive/play.m3u
delta radio GRUNGE,Germany,http://streams.deltaradio.de/delta-grunge/mp3-128/listenlive/play.m3u
delta radio INDIE,Germany,http://streams.deltaradio.de/delta-indie/mp3-128/listenlive/play.m3u
delta radio Föhnfrisur,Germany,http://streams.deltaradio.de/delta-foehnfrisur/mp3-128/listenlive/play.m3u
Deluxe Radio,Germany,http://www.listenlive.eu/deluxeradio.m3u
Deluxe Lounge Radio,Germany,http://radio.cdn.deluxemusic.tv/deluxemusic.tv/lounge_web/mp3.m3u
Deluxe Disco,Germany,http://radio.cdn.deluxemusic.tv/deluxemusic.tv/disco.mp3.m3u
Deluxe 80s Extreme,Germany,http://radio.cdn.deluxemusic.tv/deluxemusic.tv/80s.mp3.m3u
Deluxe Dinner & Bar Tunes,Germany,http://radio.cdn.deluxemusic.tv/deluxemusic.tv/dinner.mp3.m3u
Deluxe Gold,Germany,http://radio.cdn.deluxemusic.tv/deluxemusic.tv/gold.mp3.m3u
Deluxe Rock,Germany,http://radio.cdn.deluxemusic.tv/deluxemusic.tv/rock.mp3.m3u
Deluxe Lounge,Germany,http://radio.cdn.deluxemusic.tv/deluxemusic.tv/lounge.mp3.m3u
DeutschlandRadio Kultur,Germany,http://www.dradio.de/streaming/dkultur_lq_mp3.m3u
Deutschlandfunk,Germany,http://www.dradio.de/streaming/dlf_lq_mp3.m3u
DRadio Wissen,Germany,http://www.dradio.de/streaming/dradiowissen_lq_mp3.m3u
Die Neue 107.7,Germany,http://edge.live.mp3.mdn.newmedia.nacamar.net/ps-dieneue_rock/livestream_hi.mp3.m3u
Die Neue 107.7 Livesongs,Germany,http://edge.live.mp3.mdn.newmedia.nacamar.net/ps-dieneue_livesongs/livestream_hi.mp3.m3u
Die Neue 107.7 80er Radio,Germany,http://edge.live.mp3.mdn.newmedia.nacamar.net/ps-dieneue_80er/livestream_hi.mp3.m3u
domradio,Germany,http://domradio-mp3-l.akacast.akamaistream.net/7/809/237368/v1/gnl.akacast.akamaistream.net/domradio-mp3-l.m3u
Donau 3 FM,Germany,http://server1.webradiostreaming.de:2640/listen.pls
echo-fm 88.4,Germany,http://xgrid04.ruf.uni-freiburg.de:8181/mount.mp3.m3u
egoFM,Germany,http://edge.live.mp3.mdn.newmedia.nacamar.net/egofm_128/livestream.mp3.m3u
elDOradio 93.0,Germany,http://www.eldoradio.de/broadcast/high.pls
Energy Hamburg,Germany,http://www.listenlive.eu/energyhamburg.m3u
Energy München,Germany,http://www.listenlive.eu/energymunchen.m3u
Energy Berlin,Germany,http://www.listenlive.eu/energyberlin.m3u
Energy Nürnberg,Germany,http://www.listenlive.eu/energynurnberg.m3u
Energy Bremen,Germany,http://www.listenlive.eu/energybremen.m3u
Energy Stuttgart,Germany,http://www.listenlive.eu/energystuttgart.m3u
Energy Sachsen,Germany,http://www.listenlive.eu/energysachsen.m3u
ERF Radio,Germany,http://www.listenlive.eu/erf.m3u
ERF Pop,Germany,http://www.listenlive.eu/erfpop.m3u
Fantasy Dance FM,Germany,http://178.77.125.29:8000/dsl_stream.mp3.m3u
Freies Radio für Stuttgart,Germany,http://streaming.freies-radio.de:8000/listen.m3u
Freies Radio Kassel,Germany,http://login.streamplus.de/player.php?spt=13331.m3u
Freies Sender Kombinat,Germany,http://stream.fsk-hh.org:8000/fsk.mp3.m3u
Hamburg Zwei,Germany,http://stream.hamburg-zwei.de/hh2-live/mp3-128/listenlive/stream.m3u
Harmony FM,Germany,http://streams.harmonyfm.de/harmonyfm/mp3/hqlivestream.m3u
Hellweg Radio,Germany,http://www.hellwegradio.de/listen.pls
Hertz 87.9,Germany,http://radio.uni-bielefeld.de:8000/hertz-q5.ogg.m3u
Hit Radio FFH,Germany,http://streams.ffh.de/radioffh/mp3/livestream.m3u
FFH Digital Deutsch Pur,Germany,http://streams.ffh.de/ffhchannels/mp3/deutsch.m3u
FFH Digital Electro Beats,Germany,http://streams.ffh.de/ffhchannels/mp3/electrobeatz.m3u
FFH Digital Jazz,Germany,http://streams.ffh.de/ffhchannels/mp3/jazz.m3u
FFH Digital Die 80er,Germany,http://streams.ffh.de/ffhchannels/mp3/80er.m3u
FFH Digital Die 90er,Germany,http://streams.ffh.de/ffhchannels/mp3/spezial.m3u
FFH Digital Top 40,Germany,http://streams.ffh.de/ffhchannels/mp3/top40.m3u
FFH Digital Rock,Germany,http://streams.ffh.de/ffhchannels/mp3/rock.m3u
FFH Digital Lounge,Germany,http://streams.ffh.de/ffhchannels/mp3/lounge.m3u
FFH Digital Schlagerkult,Germany,http://streams.ffh.de/ffhchannels/mp3/schlager.m3u
FFH Digital Hits für Kids,Germany,http://streams.ffh.de/ffhchannels/mp3/hits4kids.m3u
FFH Digital Soundtrack,Germany,http://streams.ffh.de/ffhchannels/mp3/soundtrack.m3u
FFH Digital Eurodance,Germany,http://streams.ffh.de/ffhchannels/mp3/eurodance.m3u
FFH Digital Alternative,Germany,http://streams.ffh.de/ffhchannels/mp3/alternative.m3u
FFH Digital Konfetti-Hits,Germany,http://streams.ffh.de/ffhchannels/mp3/spezial1.m3u
Gong 96.3,Germany,http://webradio.radiogong.de/live/high_q.m3u
Gong 96.3 Münchens Top50,Germany,http://webradio.radiogong.de/live/top50.m3u
Gong 96.3 München Relaxed,Germany,http://webradio.radiogong.de/live/relaxed.m3u
Gong 96.3 Wiesn Hits,Germany,http://webradio.radiogong.de/live/event.m3u
Gong 96.3 Weihnachts-Hits,Germany,http://webradio.radiogong.de/live/xmas.m3u
Gong 96.3 Partygong,Germany,http://webradio.radiogong.de/live/partygong.m3u
Gong 96.3 Kulthits,Germany,http://webradio.radiogong.de/live/kulthits.m3u
HIT104,Germany,http://www.hit104.de/listen.pls
Hit-Radio ANTENNE 1,Germany,http://antenne1.fmstreams.de/stream1/livestream.mp3.m3u
Hit Radio N1,Germany,http://webradio.hitradion1.de:8000/listen.pls
Hitradio MS One,Germany,http://hitradio-msone.de/streams/high/MP3stream.m3u
Hitradio Ohr,Germany,http://players.creacast.com/creacast/hitradio_ohr/playlist.pls
Hitradio RT1,Germany,http://mp3.hitradiort1.c.nmdn.net/hitradiort1wl/livestream.mp3.m3u
Hitradio RT1 Nordschwaben,Germany,http://mp3.hitradiort1.c.nmdn.net/rt1nordschwabenwl/livestream.mp3.m3u
Hitradio RT1 Südschwaben,Germany,http://mp3.hitradiort1.c.nmdn.net/rt1suedschwabenwl/livestream.mp3.m3u
Hitradio RT1 In The Mix,Germany,http://mp3.hitradiort1.c.nmdn.net/rt1inthemixhp/livestream.mp3.m3u
RT1 80s,Germany,http://mp3.hitradiort1.c.nmdn.net/rt180swl/livestream.mp3.m3u
RT1 90s,Germany,http://mp3.hitradiort1.c.nmdn.net/rt190swl/livestream.mp3.m3u
RT1 Rock,Germany,http://mp3.hitradiort1.c.nmdn.net/rt1rockwl/livestream.mp3.m3u
RT1 Top40,Germany,http://mp3.hitradiort1.c.nmdn.net/rt1top40wl/livestream.mp3.m3u
RT1 Relax,Germany,http://mp3.hitradiort1.c.nmdn.net/rt1relaxwl/livestream.mp3.m3u
RT1 Sport,Germany,http://mp3.hitradiort1.c.nmdn.net/rt1occusewl/livestream.mp3.m3u
RT1 Black,Germany,http://mp3.hitradiort1.c.nmdn.net/rt1blackag/livestream.mp3.m3u
RT1 Lounge,Germany,http://mp3.hitradiort1.c.nmdn.net/rt1loungeag/livestream.mp3.m3u
RT1 Number Ones,Germany,http://mp3.hitradiort1.c.nmdn.net/rt1numberonesag/livestream.mp3.m3u
RT1 Chillhouse,Germany,http://mp3.hitradiort1.c.nmdn.net/rt1chillhouseag/livestream.mp3.m3u
HLRdigital,Germany,http://server1.citystream.at:9036/192kbps.m3u
Hochschulradio Aachen,Germany,http://evans.hochschulradio.rwth-aachen.de:8000/hoeren/high.m3u
horads 99.2 FM,Germany,http://realserver3.hdm-stuttgart.de:8080/horads.m3u
HR1,Germany,http://metafiles.gl-systemhaus.de/hr/hr1_2.m3u
HR2,Germany,http://metafiles.gl-systemhaus.de/hr/hr2_2.m3u
HR3,Germany,http://metafiles.gl-systemhaus.de/hr/hr3_2.m3u
HR4,Germany,http://metafiles.gl-systemhaus.de/hr/hr4_2.m3u
YOU FM-Livestream,Germany,http://metafiles.gl-systemhaus.de/hr/youfm_2.m3u
YOU FM-Clubstream,Germany,http://metafiles.gl-systemhaus.de/hr/youfm_club.m3u
YOU FM-Rockstream,Germany,http://metafiles.gl-systemhaus.de/hr/youfm_rock.m3u
YOU FM-Blackstream,Germany,http://metafiles.gl-systemhaus.de/hr/youfm_black.m3u
hr-info,Germany,http://metafiles.gl-systemhaus.de/hr/hrinfo_2.m3u
Jam FM,Germany,http://jamfm.hoerradar.de/jamfm-mp3-192.m3u
JazzRadio 101.9,Germany,http://public.radio.co/stations/s774887f7b/m3u
Kiel FM,Germany,http://radio.oksh.de:8000/kielfm.mp3.m3u
Kiss FM,Germany,http://www.listenlive.eu/kissfmde.m3u
Kiss FM RnB,Germany,http://www.listenlive.eu/kissfmde-rnb.m3u
Kiss FM Raps,Germany,http://www.listenlive.eu/kissfmde-raps.m3u
Kiss FM Electro,Germany,http://www.listenlive.eu/kissfmde-electro.m3u
Kiss FM Fresh Beats,Germany,http://www.listenlive.eu/kissfmde-freshbeats.m3u
Klassik Radio,Germany,http://stream.klassikradio.de/live/mp3-128/stream.klassikradio.de/play.m3u
Klassik Radio Lounge,Germany,http://stream.klassikradio.de/lounge/mp3-128/stream.klassikradio.de/play.m3u
Klassik Radio Movie,Germany,http://stream.klassikradio.de/movie/mp3-128/stream.klassikradio.de/play.m3u
Klassik Radio Opera,Germany,http://stream.klassikradio.de/opera/mp3-128/stream.klassikradio.de/play.m3u
Klassik Radio Smooth,Germany,http://stream.klassikradio.de/smooth/mp3-128/stream.klassikradio.de/play.m3u
Klassik Radio Brazil,Germany,http://stream.klassikradio.de/brazil/mp3-128/stream.klassikradio.de/play.m3u
Klassik Radio Nature,Germany,http://stream.klassikradio.de/nature/mp3-128/stream.klassikradio.de/play.m3u
Klassik Radio New Classics,Germany,http://stream.klassikradio.de/newclassics/mp3-128/stream.klassikradio.de/play.m3u
Klassik Radio Pure Bach,Germany,http://stream.klassikradio.de/purebach/mp3-128/stream.klassikradio.de/play.m3u
Kölncampus,Germany,http://koelncampus.uni-koeln.de:8001/listen.pls
LandesWelle Thüringen,Germany,http://stream.hoerradar.de/lwtmp3.m3u
LeineHertz 106einhalb,Germany,http://www.leinehertz.net/player/106einhalb_mp3.pls
LOHRO 90.2FM,Germany,http://stream.lohro.de:8000/lohro.m3u
LORA München,Germany,http://live.lora924.de:8000/loramp3.mp3.m3u
m94.5,Germany,http://stream.m945.mwn.de/m945-hq.mp3.m3u
MDR 1 Radio Sachsen,Germany,http://avw.mdr.de/livestreams/mdr1_radio_sachsen_live_128.m3u
MDR 1 Radio Sachsen-Anhalt,Germany,http://avw.mdr.de/livestreams/mdr1_radio_sachsen-anhalt_live_128.m3u
MDR 1 Radio Thüringen,Germany,http://avw.mdr.de/livestreams/mdr1_radio_thueringen_live_128.m3u
MDR JUMP Livestream,Germany,http://www.jumpradio.de/static/webchannel/jump_live_channel_low.m3u
MDR JUMP In The Mix Channel,Germany,http://www.jumpradio.de/static/webchannel/jump_inthemix_channel_64.m3u
MDR JUMP Rock Channel,Germany,http://www.jumpradio.de/static/webchannel/jump_rock_channel_64.m3u
MDR JUMP Trend Channel,Germany,http://www.jumpradio.de/static/webchannel/jump_trend_channel_64.m3u
MDR AKTUELL Livestream,Germany,http://avw.mdr.de/livestreams/mdr_aktuell_live_56.m3u
MDR KULTUR Livestream,Germany,http://avw.mdr.de/livestreams/mdr_kultur_live_56.m3u
MDR KULTUR Klassik im Konzert,Germany,http://avw.mdr.de/livestreams/mdr_kultur_klassik_56.m3u
MDR KULTUR Folk im Konzert,Germany,http://avw.mdr.de/livestreams/mdr_kultur_folk_56.m3u
MDR KULTUR FIGARINO,Germany,http://avw.mdr.de/livestreams/mdr_kultur_figarino_56.m3u
MDR KLASSIK Livestream,Germany,http://avw.mdr.de/livestreams/mdr_klassik_live_56.m3u
MDR SCHLAGERWELT Sachsen,Germany,http://avw.mdr.de/livestreams/mdrschlagerwelt/mdrschlagerwelt_sachsen_56_mp3.m3u
MDR SCHLAGERWELT Sachsen-Anhalt,Germany,http://avw.mdr.de/livestreams/mdrschlagerwelt/mdrschlagerwelt_sachsen-anhalt_56_mp3.m3u
MDR SCHLAGERWELT Thüringen,Germany,http://avw.mdr.de/livestreams/mdrschlagerwelt/mdrschlagerwelt_thueringen_56_mp3.m3u
MDR SPUTNIK OnAir Channel,Germany,http://www.sputnik.de/m3u/live.lo.m3u
MDR SPUTNIK Black Channel,Germany,http://www.sputnik.de/m3u/black.lo.m3u
MDR SPUTNIK Club Channel,Germany,http://www.sputnik.de/m3u/club.lo.m3u
MDR SPUTNIK Insomnia Channel,Germany,http://www.sputnik.de/m3u/insomnia.lo.m3u
MDR SPUTNIK Popkult Channel,Germany,http://www.sputnik.de/m3u/popkult.lo.m3u
MDR SPUTNIK Rock Channel,Germany,http://www.sputnik.de/m3u/rock.lo.m3u
MDR SPUTNIK Soundcheck Channel,Germany,http://www.sputnik.de/m3u/soundcheck.lo.m3u
Metropol FM,Germany,http://mfm1.webradiostreaming.de:8200/listen.pls
MixNation,Germany,http://www.mixnation.de/listen.pls
multicult.fm,Germany,http://radiostream.de/stream/36525.m3u
NE-WS 89.4,Germany,http://edge.live.mp3.mdn.newmedia.nacamar.net/ps-news894/livestream.mp3.m3u
NDR 90.3,Germany,http://www.ndr.de/resources/metadaten/audio/m3u/ndr903.m3u
NDR 1 Niedersachsen,Germany,http://www.ndr.de/resources/metadaten/audio/m3u/ndr1niedersachsen.m3u
NDR 1 Radio MV,Germany,http://www.ndr.de/resources/metadaten/audio/m3u/ndr1radiomv.m3u
NDR 1 Welle Nord,Germany,http://www.ndr.de/resources/metadaten/audio/m3u/ndr1wellenord.m3u
NDR 2,Germany,http://www.ndr.de/resources/metadaten/audio/m3u/ndr2.m3u
NDR Kultur,Germany,http://www.ndr.de/resources/metadaten/audio/m3u/ndrkultur.m3u
NDR Info,Germany,http://www.ndr.de/resources/metadaten/audio/m3u/ndrinfo.m3u
NDR Info Spezial,Germany,http://ndrstream.ic.llnwd.net/stream/ndrstream_ndrinfo_spezial_hi_mp3.m3u
NDR Blue,Germany,http://www.ndr.de/resources/metadaten/audio/m3u/ndrblue.m3u
N-Joy Radio,Germany,http://www.ndr.de/resources/metadaten/audio/m3u/n-joy.m3u
Die Neue Welle,Germany,http://live.meine-neue-welle.de/dnw_128.mp3.m3u
Nordwestradio,Germany,http://gffstream.ic.llnwd.net/stream/gffstream_mp3_w50a.m3u
Nova Radio,Germany,http://www.novaradio.de/stream.m3u
Offener Kanal Nordhausen,Germany,http://radiostream.de/stream/36165.m3u
Oldenburg Eins,Germany,http://radio.oeins.de:8000/oeins.m3u
Oldie-Radio,Germany,http://www.oldie-radio.de:8000/listen.pls
OldieStar Radio,Germany,http://www.oldiestar.de/oldie.pls
osradio 104.8,Germany,http://osr.rcm-hosting.de:8500/listen.pls
Ostseewelle Hit Radio,Germany,http://edge.live.mp3.mdn.newmedia.nacamar.net/ostseewellelive/livestream.mp3.m3u
Planet Radio,Germany,http://streams.planetradio.de/planetradio/mp3/hqlivestream.m3u
Project Reloaded,Germany,http://www.listenlive.eu/pr.m3u
pure fm,Germany,http://fra.radiostream.de:37472/listen.pls
Radio 2Day,Germany,http://radio2day.ip-streaming.net/radio2day.m3u
Radio 21,Germany,http://188.94.97.91/radio21.mp3.m3u
Radio38 Braunschweig,Germany,http://stream.radio38.de/bs/mp3-128/listenlive/play.m3u
Radio38 Wolfsburg,Germany,http://stream.radio38.de/wb/mp3-128/listenlive/play.m3u
Radio 7,Germany,http://srv01.radio7.fmstreams.de/stream1/livestream.mp3.m3u
Radio 700,Germany,http://streamserver.funkhaus.info/listen.pls
Radio 8,Germany,http://stream.radio8.de:8000/live.m3u
Radio 90.1,Germany,http://edge.live.mp3.mdn.newmedia.nacamar.net/ps-radiomg/livestream.mp3.m3u
Radio 91.2,Germany,http://dd28838.kasserver.com:8004/listen.pls
RadioAktiv,Germany,http://stream.radioaktiv.org:8233/HiFi.m3u
Radio Alpenwelle,Germany,http://www.listenlive.eu/alpenwelle.m3u
Radio Arabella,Germany,http://rs6.stream24.net/stream.m3u
Radio Augsburg,Germany,http://login.streamplus.de/app.php/shoutcast/public/playlist/download/22469.m3u
Radio AWN,Germany,http://www.listenlive.eu/awn.m3u
Radio Bamberg,Germany,http://www.stream24.de/tune-in/r7341.pls
Radio Berg,Germany,http://edge.live.mp3.mdn.newmedia.nacamar.net/ps-radioberg/livestream.mp3.m3u
Radio Bielefeld,Germany,http://edge.live.mp3.mdn.newmedia.nacamar.net/ps-radiobielefeld/livestream.mp3.m3u
Radio Blau,Germany,http://www.radioblau.de/stream/radioblau.m3u
Radio Bob!,Germany,http://streams.radiobob.de/bob-live/mp3-128/listenlive/play.m3u
Radio Bob! BOBs Alternative Rock,Germany,http://streams.radiobob.de/bob-alternative/mp3-128/listenlive/play.m3u
Radio Bob! BOBs Harte Saite,Germany,http://streams.radiobob.de/bob-hartesaite/mp3-128/listenlive/play.m3u
Radio Bob! Classic Rock,Germany,http://streams.radiobob.de/bob-classicrock/mp3-128/listenlive/play.m3u
Radio Bochum,Germany,http://edge.live.mp3.mdn.newmedia.nacamar.net/ps-radiobochum/livestream.mp3.m3u
Radio Bonn/Rhein-Sieg,Germany,http://ga-stream01.ga-bonn.de/live128.m3u
Radio Brocken,Germany,http://stream.radiobrocken.de/live/mp3-128/listenlive/play.m3u
Radio Brocken 80er,Germany,http://stream.radiobrocken.de/80er/mp3-128/listenlive/play.m3u
Radio Brocken 90er,Germany,http://stream.radiobrocken.de/90er/mp3-128/listenlive/play.m3u
Radio Brocken Lovesongs,Germany,http://stream.radiobrocken.de/love/mp3-128/listenlive/play.m3u
Radio Charivari,Germany,http://radio-charivari.de/external/Streams/Stream_Charivari.m3u
Radio Chemnitz 102.1,Germany,http://radiochemnitz.mp3.green.ch/listen.pls
Radio Corax,Germany,http://streaming.fueralle.org:8000/corax.mp3.m3u
94.5 Radio Cottbus,Germany,http://stream.telvi.de:8000/radio_cottbus.m3u
Radio Darmstadt,Germany,http://stream.radiodarmstadt.de/radar.mp3.m3u
Radio Dresden 103.5,Germany,http://radiodresden.mp3.green.ch/listen.pls
Radio Duisburg,Germany,http://edge.live.mp3.mdn.newmedia.nacamar.net/ps-radioduisburg/livestream.mp3.m3u
Radio EINS,Germany,http://www.stream24.de/tune-in/r7353.pls
Radio Emscher Lippe,Germany,http://edge.live.mp3.mdn.newmedia.nacamar.net/ps-radioemscherlippe/livestream.mp3.m3u
Radio Ennepe Ruhr,Germany,http://edge.live.mp3.mdn.newmedia.nacamar.net/ps-radioen/livestream.mp3.m3u
Radio Erft,Germany,http://edge.live.mp3.mdn.newmedia.nacamar.net/ps-radioerft/livestream.mp3.m3u
Radio Erzgebirge,Germany,http://radioerzgebirge.mp3.green.ch/listen.pls
Radio Essen,Germany,http://edge.live.mp3.mdn.newmedia.nacamar.net/ps-radioessen/livestream.mp3.m3u
Radio Euskirchen,Germany,http://edge.live.mp3.mdn.newmedia.nacamar.net/ps-radioeuskirchen/livestream.mp3.m3u
Radio F,Germany,http://webradio.radiof.de:8000/listen.pls
Radio Fantasy,Germany,http://80.237.158.63/fantasy.mp3.m3u
Radio ffn,Germany,http://player.ffn.de/tunein_ffn.pls
Radio Flensburg,Germany,http://www.digital-webstream.de/stream/10885.m3u
Radio Flora,Germany,http://www.radioflora.de/stream/live192.mp3.m3u
Radio freeFM,Germany,http://freefm.lauschangriff.org/freefm128k.m3u
Radio Frei,Germany,http://streaming.fueralle.org:8000/Radio-F.R.E.I.m3u
Radio Galaxy 104.7,Germany,http://rs21.stream24.net/stream.m3u
Radio Galaxy 107.9,Germany,http://4broadcast.de:8100/listen.pls
Radio Galaxy 92.7,Germany,http://radio-galaxy.mwsc.tmt.de/listen.pls
Radio Galaxy 91.6,Germany,http://62.75.162.209:8000/galaxy.m3u
Radio Galaxy 106.6,Germany,http://s16.myradiostream.com:13366/listen.pls
Radio Galaxy 94.0,Germany,http://edge.live.mp3.mdn.newmedia.nacamar.net/radiogalaxy/livestream.mp3.m3u
Radio Galaxy 105.8,Germany,http://www.galaxyansbach.de:8000/live.m3u
radio GOLD,Germany,http://www.radiogold.de/listen.pls
Radio Gong 97.1,Germany,http://webradio.gong971.de:8000/listen.pls
Radio Gong 106.9,Germany,http://edge.live.mp3.mdn.newmedia.nacamar.net/ps-gongwb/livestream.mp3.m3u
Radio Gütersloh,Germany,http://edge.live.mp3.mdn.newmedia.nacamar.net/ps-radioguetersloh/livestream.mp3.m3u
Radio Hagen,Germany,http://edge.live.mp3.mdn.newmedia.nacamar.net/ps-radiohagen/livestream.mp3.m3u
Radio Hamburg,Germany,http://stream.radiohamburg.de/rhh-live/mp3-128/listenlive/stream.m3u
Radio Hannover,Germany,http://www.listenlive.eu/radiohannover.m3u
Radio Heimatmelodie,Germany,http://212.77.178.166/listen.pls
Radio Herford,Germany,http://mp3.radioherford.c.nmdn.net/ps-radioherford/livestream.mp3.m3u
Radio Herne90acht,Germany,http://edge.live.mp3.mdn.newmedia.nacamar.net/ps-radioherne/livestream.mp3.m3u
Radio Hochstift,Germany,http://mp3.radiohochstift.c.nmdn.net/ps-radiohochstift/livestream.mp3.m3u
Radio Homburg,Germany,http://www.listenlive.eu/radio-homburg-mp3.m3u
Radio IN,Germany,http://4broadcast.de:8300/listen.pls
Radio Jade,Germany,http://www.radiojade.de/stream/winamp.pls
Radio Kiepenkerl,Germany,http://www.inparty-fm.de:8002/listen.pls
Radio Kö,Germany,http://s12.pop-stream.de:12090/listen.pls
Radio Köln,Germany,http://edge.live.mp3.mdn.newmedia.nacamar.net/ps-radiokoeln/livestream.mp3.m3u
Radio Köln Chillout Lounge,Germany,http://edge.live.mp3.mdn.newmedia.nacamar.net/ps-radiokoelnchillout/livestream.mp3.m3u
Radio Köln Hot Music,Germany,http://edge.live.mp3.mdn.newmedia.nacamar.net/ps-koelnhotmusic/livestream.mp3.m3u
Radio K.W.,Germany,http://edge.live.mp3.mdn.newmedia.nacamar.net/ps-radiokw/livestream.mp3.m3u
Radio Lausitz 107.6,Germany,http://stream.radiolausitz.de/RLAU/mp3.pls
Radio Leipzig 91.3,Germany,http://stream.radioleipzig.de/RLE/mp3.pls
Radio Leverkusen,Germany,http://edge.live.mp3.mdn.newmedia.nacamar.net/ps-radioleverkusen/livestream.mp3.m3u
Radio Lippe,Germany,http://mp3.radiolippe.c.nmdn.net/ps-radiolippe/livestream.mp3.m3u
Radio Lippewelle Hamm,Germany,http://87.118.110.235:8000/listen.pls
Radio LOTTE,Germany,http://www.radiolotte.de/stream/radiolotte.m3u
Radio Mainwelle,Germany,http://radio-mainwelle.mwsc.tmt.de/listen.pls
Radio Merzig,Germany,http://stream.telvi.de:8000/radio_merzig.m3u
99drei Radio Mittweida,Germany,http://www.htwm.de/netradio/index.php/playlist.pls
Radio MK,Germany,http://streaming.dokom21.de:8000/radio-mk.m3u
92.9 Radio Mülheim,Germany,http://edge.live.mp3.mdn.newmedia.nacamar.net/ps-radiomuelheim/livestream.mp3.m3u
Radio Neandertal,Germany,http://edge.live.mp3.mdn.newmedia.nacamar.net/ps-neandertal/livestream.mp3.m3u
Radio Neckarburg,Germany,http://www.radio-neckarburg.de/livestream128mp3.m3u
Radio Nora,Germany,http://streams.radionora.de/nora-live/mp3-128/listenlive/play.m3u
Radio Nora 80er,Germany,http://streams.radionora.de/nora-80er/mp3-128/listenlive/play.m3u
Radio Nora Oldies,Germany,http://streams.radionora.de/nora-oldies/mp3-128/listenlive/play.m3u
Radio Nordseewelle,Germany,http://stream.radio-nordseewelle.de/live/mp3-128/listenlive/play.m3u
Radio Oberhausen,Germany,http://edge.live.mp3.mdn.newmedia.nacamar.net/ps-radiooberhausen/livestream.mp3.m3u
Radio Oberland,Germany,http://icerobl.srv.co.at/plsfiles/robl/robl_hi.m3u
Radio Okerwelle,Germany,http://www.okerwelle.de/webradio/live.m3u
Radio Ostfriesland,Germany,http://www.radiostream.de/stream/36949.pls
Radio Paloma,Germany,http://tuner.radiopaloma.de/listen.pls
Radio Paradiso,Germany,http://www.listenlive.eu/radioparadiso.m3u
Radio Plassenburg,Germany,http://admin2.321stream.de/tunein.php/kd185/playlist.pls
Radio Primavera,Germany,http://62.75.162.209:8000/primavera.m3u
Radio PSR,Germany,http://streams.radiopsr.de/psr-live/mp3-128/listenlive/play.m3u
Radio PSR Chartbreaker,Germany,http://streams.radiopsr.de/psr-chartbreaker/mp3-128/listenlive/play.m3u
Radio PSR Partymix,Germany,http://streams.radiopsr.de/psr-partymix/mp3-128/listenlive/play.m3u
Radio PSR 80er,Germany,http://streams.radiopsr.de/psr-80er/mp3-128/listenlive/play.m3u
Radio PSR 90er,Germany,http://streams.radiopsr.de/psr-90er/mp3-128/listenlive/play.m3u
Radio PSR Chillout,Germany,http://streams.radiopsr.de/chillout/mp3-128/listenlive/play.m3u
Radio PSR Sachsensongs,Germany,http://streams.radiopsr.de/sachsensongs/mp3-128/listenlive/play.m3u
Radio Q,Germany,http://stream.radioq.de:8000/gross.mp3.m3u
Radio Ramasuri,Germany,http://edge.live.mp3.mdn.newmedia.nacamar.net/ps-ramasuri/livestream.mp3.m3u
Radio Regenbogen,Germany,http://scast.regenbogen.de/live.m3u
Radio Regenbogen 80er,Germany,http://217.151.151.91/live4.m3u
Radio Regenbogen Season,Germany,http://217.151.151.91/live2.m3u
Radio Regenbogen Rock,Germany,http://217.151.151.91/live6.m3u
Radio Regenbogen Soft&Lazy,Germany,http://217.151.151.91/live6.m3u
Radio Regenbogen Top 40,Germany,http://217.151.151.91/live3.m3u
Radio Rheinwelle,Germany,http://www.s2.onlinestream.de:6640/listen.pls
Radio RST,Germany,http://stream.radiorst.de:8000/rst128k.m3u
Radio Rur,Germany,http://edge.live.mp3.mdn.newmedia.nacamar.net/ps-radiorur/livestream.mp3.m3u
Radio Rüsselsheim,Germany,http://www.radio-r.de/radio-r.pls
Radio RSG,Germany,http://edge.live.mp3.mdn.newmedia.nacamar.net/ps-radiorsg/livestream.mp3.m3u
Radio Saarbruecken,Germany,http://www.listenlive.eu/antenne-sb-mp3.m3u
Radio Salü,Germany,http://internetradio.salue.de:8000/salue.mp3.m3u
Radio Sauerland,Germany,http://edge.live.mp3.mdn.newmedia.nacamar.net/ps-radiosauerland/livestream.mp3.m3u
radio SAW,Germany,http://stream.saw-musikwelt.de/saw/mp3-128/listenliveeu/stream.m3u
radio SAW-Neuheiten,Germany,http://stream.saw-musikwelt.de/saw-neuheiten/mp3-128/listenliveeu/stream.m3u
radio SAW-Rock,Germany,http://stream.saw-musikwelt.de/saw-rock/mp3-128/listenliveeu/stream.m3u
radio SAW-Party,Germany,http://stream.saw-musikwelt.de/saw-party/mp3-128/listenliveeu/stream.m3u
radio SAW-70er,Germany,http://stream.saw-musikwelt.de/saw-70er/mp3-128/listenliveeu/stream.m3u
radio SAW-80er,Germany,http://stream.saw-musikwelt.de/saw-80er/mp3-128/listenliveeu/stream.m3u
radio SAW-90er,Germany,http://stream.saw-musikwelt.de/saw-90er/mp3-128/listenliveeu/stream.m3u
radio SAW-2000er,Germany,http://stream.saw-musikwelt.de/saw-2000er/mp3-128/listenliveeu/stream.m3u
radio SAW-Deutsch,Germany,http://stream.saw-musikwelt.de/saw-deutsch/mp3-128/listenliveeu/stream.m3u
Radio Seefunk,Germany,http://webradio.radio-seefunk.de:8000/listen.pls
Radio Siegen,Germany,http://edge.live.mp3.mdn.newmedia.nacamar.net/ps-radiosiegen/livestream.mp3.m3u
Radio StHörfunk,Germany,http://stream.sthoerfunk.de:7000/sthoerfunk.ogg.m3u
Radio Teddy,Germany,http://streams.ir-media-tec.com/radioteddy-mobile.mp3.m3u
Radio TON,Germany,http://live.radio-ton.de/live64.m3u
Radio TON Bad Mergentheim,Germany,http://live.radio-ton.de/live-mgh.m3u
Radio TON Neckar Alb,Germany,http://live.radio-ton.de/live-na.m3u
Radio TON Ostwürttemberg ,Germany,http://live.radio-ton.de/live-owb.m3u
Radio Tonkuhle,Germany,http://stream.tonkuhle.de:8000/hifi.ogg.m3u
Radio Top 40,Germany,http://www.listenlive.eu/radiotop40.m3u
Radio Trausnitz,Germany,http://edge.live.mp3.mdn.newmedia.nacamar.net/ps-radiotrausnitz/livestream.mp3.m3u
Radio Triquency,Germany,http://livestream.triquency.de:8000/live48.mp3.m3u
Radio Unerhört Marburg,Germany,http://stream.radio-rum.de:8000/rum.mp3.m3u
Radio Vest,Germany,http://edge.live.mp3.mdn.newmedia.nacamar.net/ps-radiovest/livestream.mp3.m3u
Radio WAF,Germany,http://edge.live.mp3.mdn.newmedia.nacamar.net/ps-radiowaf/livestream.mp3.m3u
Radio Westfalica,Germany,http://edge.live.mp3.mdn.newmedia.nacamar.net/ps-radiowestfalica/livestream.mp3.m3u
Radio Wittlich,Germany,http://www.listenlive.eu/radiowittlich.m3u
Radio WMV,Germany,http://stream.radiowmw.de:8000/wmw128k.m3u
Radio Wuppertal,Germany,http://edge.live.mp3.mdn.newmedia.nacamar.net/ps-radiowuppertal/livestream.mp3.m3u
Radio X,Germany,http://www.radiox.de/media/radiox.m3u
Radio Z,Germany,http://www.distler-tontechnik.de/Radio-Z-Live.m3u
Radio Zusa,Germany,http://stream.radio-zusa.net:8000/zusa-hifi.ogg.m3u
Radio Zwickau 96.2,Germany,http://stream.radiozwickau.de/RZW/mp3.pls
RadyoTürk.de,Germany,http://listen.radyoturk.de:2222/radyoturk.m3u
RauteMusik #Musik.Main,Germany,http://main-high.rautemusik.fm/listen.pls
RauteMusik #Musik.ChartHits,Germany,http://charthits-high.rautemusik.fm/listen.pls
RauteMusik #Musik.Club,Germany,http://club-high.rautemusik.fm/listen.pls
RauteMusik #Musik.Rock,Germany,http://rock-high.rautemusik.fm/listen.pls
RauteMusik #Musik.Metal,Germany,http://metal-high.rautemusik.fm/listen.pls
RauteMusik #Musik.JaM,Germany,http://jam-high.rautemusik.fm/listen.pls
RauteMusik #Musik.House,Germany,http://house-high.rautemusik.fm/listen.pls
RauteMusik #Musik.TechHouse,Germany,http://techhouse-high.rautemusik.fm/listen.pls
RauteMusik #Musik.Goldies,Germany,http://goldies-high.rautemusik.fm/listen.pls
RauteMusik #Musik.Lounge,Germany,http://lounge-high.rautemusik.fm/listen.pls
RauteMusik #Musik.HardeR,Germany,http://harder-high.rautemusik.fm/listen.pls
RauteMusik #Musik.BigCityBeats,Germany,http://bcb-high.rautemusik.fm/listen.pls
RauteMusik #Musik.Oriental,Germany,http://oriental-high.rautemusik.fm/listen.pls
RauteMusik #Musik.Schlager,Germany,http://schlager-high.rautemusik.fm/listen.pls
RauteMusik #Musik.Drumstep,Germany,http://drumstep-high.rautemusik.fm/listen.pls
RauteMusik #Musik.Trance,Germany,http://trance-high.rautemusik.fm/listen.pls
RMN Radio,Germany,http://rmnradio.powerstream.de:8022/listen.pls
RMN Kuschel.fm,Germany,http://91.250.77.9:8040/listen.pls
RMNpowerstream,Germany,http://stream.powerstream.de:30846/listen.pls
RMNrelax,Germany,http://91.250.77.9:8023/listen.pls
R.SA,Germany,http://streams.rsa-sachsen.de/rsa-live/mp3-128/listenlive/play.m3u
R.SA Ostrock,Germany,http://streams.rsa-sachsen.de/rsa-ostrock/mp3-128/listenlive/play.m3u
R.SA Rockzirkus,Germany,http://streams.rsa-sachsen.de/rsa-rockzirkus/mp3-128/listenlive/play.m3u
R.SA Oldieclub,Germany,http://streams.rsa-sachsen.de/rsa-oldies/mp3-128/listenlive/play.m3u
R.SA Die Offizielle Partywelle,Germany,http://streams.rsa-sachsen.de/rsa-partywelle/mp3-128/listenlive/play.m3u
R.SH,Germany,http://streams.rsh.de/rsh-live/mp3-128/listenlive/play.m3u
R.SH Mittmann-Mix,Germany,http://streams.rsh.de/rsh-mittmannmix/mp3-128/listenlive/play.m3u
R.SH Holstein Kiel,Germany,http://streams.rsh.de/rsh-event/mp3-128/listenlive/play.m3u
R.SH Top 50 – Charts (Nordparade),Germany,http://streams.rsh.de/rsh-nordparade/mp3-128/listenlive/play.m3u
R.SH 80er,Germany,http://streams.rsh.de/rsh-80er/mp3-128/listenlive/play.m3u
R.SH Weihnachtsmix,Germany,http://streams.rsh.de/rsh-event02/mp3-128/listenlive/play.m3u
89.0 RTL,Germany,http://stream.89.0rtl.de/live/mp3-128/stream.89.0rtl.de/play.m3u
104.6 RTL,Germany,http://play.104.6rtl.com/pls/rtl_air.pls
104.6 RTL Das Beste der 90er,Germany,http://www.listenlive.eu/de_rtl90er_mp3.m3u
104.6 RTL Best New Hits,Germany,http://www.listenlive.eu/de_rtlneuehits_mp3.m3u
94'3 rs2,Germany,http://www.listenlive.eu/rs2.m3u
rs2 80s,Germany,http://www.listenlive.eu/rs2-80er.m3u
rs2 90s,Germany,http://www.listenlive.eu/rs2-90er.m3u
rs2 Relax,Germany,http://www.listenlive.eu/rs2-relax.m3u
RBB Antenne Brandenburg,Germany,http://www.antennebrandenburg.de/live.m3u
RBB Fritz,Germany,http://www.fritz.de/live.m3u
RBB Radio Eins,Germany,http://www.radioeins.de/live.m3u
RBB InfoRadio,Germany,http://www.inforadio.de/live.m3u
RBB Kulturradio,Germany,http://www.kulturradio.de/live.m3u
RBB radioBERLIN 88.8,Germany,http://www.radioberlin.de/live.m3u
Rockland Digital,Germany,http://stream.rockland-digital.de/rockland/mp3-128/listenliveeu/stream.m3u
Rockland Radio,Germany,http://188.94.97.90/rockland.mp3.m3u
Rock Antenne,Germany,http://www.rockantenne.de/webradio/rockantenne.m3u
Rock Antenne Alternative,Germany,http://www.rockantenne.de/webradio/channels/alternative.m3u
Rock Antenne Heavy Metal,Germany,http://www.rockantenne.de/webradio/channels/heavy-metal.m3u
Rock Antenne Classic Perlen,Germany,http://www.rockantenne.de/webradio/channels/classic-perlen.m3u
Rocky FM,Germany,http://www.rockyfm.com/listen.pls
RPR1,Germany,http://rpr1.fmstreams.de/stream1.m3u
RPR1 Rock,Germany,http://rpr1.fmstreams.de/stream3.m3u
RPR1 80er,Germany,http://rpr1.fmstreams.de/stream2.m3u
RPR1 Top 40,Germany,http://rpr1.fmstreams.de/stream5.m3u
RPR1 Lounge,Germany,http://rpr1.fmstreams.de/stream7.m3u
RPR2,Germany,http://rpr1.fmstreams.de/stream2.m3u
RSA 1,Germany,http://webradio.rsa-radio.de/rsa.m3u
Schlagerparadies,Germany,http://server.schlagerhoelle.de:30842/listen.pls
Sender KW,Germany,http://www.sender-kw.de/stream/sender-kw.m3u
SPORT1.fm,Germany,http://www.listenlive.eu/sport1.m3u
105'5 Spreeradio,Germany,http://play.spreeradio.de/pls/spr_air.pls
SR 1 Europawelle,Germany,http://streaming01.sr-online.de/sr1_1.m3u
SR 1 - Lounge,Germany,http://streaming02.sr-online.de/sr1lounge.m3u
SR 2 KulturRadio,Germany,http://streaming01.sr-online.de/sr2_1.m3u
SR 2 - Off-Beat,Germany,http://streaming02.sr-online.de/sr2offbeat.m3u
SR 3 Saarlandwelle,Germany,http://streaming01.sr-online.de/sr3_1.m3u
SR 3 - Schlagerwelt,Germany,http://streaming02.sr-online.de/sr3schlagerwelt.m3u
SR 3 - Oldiewelt,Germany,http://streaming02.sr-online.de/sr3oldiewelt.m3u
Stadtradio Göttingen,Germany,http://stream.stadtradio-goettingen.de:8000/stadtradiolow.m3u
Star FM 87.9,Germany,http://starfm.de/streams/bln_m.pls
Star FM From Hell,Germany,http://starfm.de/streams/fh_m.pls
Star FM Rock Classics,Germany,http://starfm.de/streams/rc_m.pls
Star FM Alternative,Germany,http://starfm.de/streams/alt_m.pls
Star FM,Germany,http://starfm.de/streams/nbg_m.pls
Star*Sat Radio,Germany,http://www.starsat.de/data/listen.pls
Sunshine Live,Germany,http://stream.sunshine-live.de/live/mp3-192/listenlive/play.m3u
SWR1 RP,Germany,http://mp3-live.swr.de/swr1rp_s.m3u
SWR1 BW,Germany,http://mp3-live.swr.de/swr1bw_s.m3u
SWR2,Germany,http://mp3-live.swr.de/swr2_s.m3u
SWR2 Archivradio,Germany,http://mp3-live.swr.de/swr2raka01_s.m3u
SWR3,Germany,http://mp3-live.swr3.de/swr3_s.m3u
SWR4 RP,Germany,http://mp3-live.swr.de/swr4rp_s.m3u
SWR4 BW,Germany,http://mp3-live.swr.de/swr4bw_s.m3u
SWRinfo,Germany,http://mp3-live.swr.de/swrinfo_s.m3u
Syltfunk,Germany,http://streamplus5.leonex.de:11552/listen.pls
Tide Radio,Germany,http://streaming.tidenet.de:8000/tide-128.mp3.m3u
Top FM,Germany,http://www.top-fm.de/stream/stream-top-fm.m3u
103.7 UnserDing,Germany,http://streaming01.sr-online.de/unserding_2.m3u
Unser Radio,Germany,http://www.stream24.de/tune-in/r7991.pls
Vogtland Radio,Germany,http://vogtlandradio.mp3.green.ch/vogtland_128k_mp3.m3u
Wartburg Radio,Germany,http://www.wartburgradio.org/wartburgradio.m3u
WDR 1LIVE,Germany,http://www.wdr.de/wdrlive/media/einslive.m3u
WDR 1LIVE Diggi,Germany,http://www.wdr.de/wdrlive/media/mp3/1live-diggi.m3u
WDR 2,Germany,http://www.wdr.de/wdrlive/media/wdr2.m3u
WDR 2 Ostwestfalen-Lippe,Germany,http://www.wdr.de/wdrlive/media/wdr2_bielefeld.m3u
WDR 2 Münsterland,Germany,http://www.wdr.de/wdrlive/media/wdr2_muenster.m3u
WDR 2 Ruhrgebiet,Germany,http://www.wdr.de/wdrlive/media/wdr2_dortmund.m3u
WDR 2 Rhein und Ruhr,Germany,http://www.wdr.de/wdrlive/media/wdr2_essen_duesseldorf.m3u
WDR 2 Bergisches Land,Germany,http://www.wdr.de/wdrlive/media/wdr2_wuppertal.m3u
WDR 2 Südwestfalen,Germany,http://www.wdr.de/wdrlive/media/wdr2_siegen.m3u
WDR 2 Aachen und Region,Germany,http://www.wdr.de/wdrlive/media/wdr2_aachen.m3u
WDR 3,Germany,http://www.wdr.de/wdrlive/media/wdr3.m3u
WDR 4,Germany,http://www.wdr.de/wdrlive/media/wdr4.m3u
WDR5,Germany,http://www.wdr.de/wdrlive/media/wdr5.m3u
WDR Event,Germany,http://www.wdr.de/wdrlive/media/audioevent.m3u
WDR Kiraka,Germany,http://www.wdr.de/wdrlive/media/mp3/kiraka.m3u
WDR Funkhaus Europa,Germany,http://www.wdr.de/wdrlive/media/mp3/funkhaus-europa.m3u
Welle Niederrhein,Germany,http://edge.live.mp3.mdn.newmedia.nacamar.net/ps-wellenr/livestream.mp3.m3u
WestküsteFM,Germany,http://radio.oksh.de:8000/westkuestefm.mp3.m3u
Wüste Welle,Germany,http://livestream.wueste-welle.de:8000/mp3.m3u
